Q1,Q2,Major,_,Concept,Current_DL
No,1st,English Language & Literature,1,"A1, A3, A4",Beginner
No,3rd,English Language & Literature,3,A1,Intermediate
No,1st,English Language & Literature,3,"A2, A3",Beginner
No,3rd,English Language & Literature,4,"A1, A2, A3, A4, A5, A6",Beginner
No,1st,English Language & Literature,3,A3,Intermediate
No,1st,English Language & Literature,3,"A2, A4, A6",Beginner
No,1st,English Language & Literature,2,A6,Intermediate
No,3rd,English Language & Literature,3,A6,Beginner
No,1st,English Language & Literature,3,"A2, A3",Intermediate
No,1st,English Language & Literature,3,"A2, A4, A5",Beginner
No,2nd,English Language & Literature,3,"A4, A5, A6",Beginner
No,1st,English Language & Literature,5,A3,Intermediate
No,1st,English Language & Literature,3,"A1, A2, A4",Beginner
No,1st,English Language & Literature,3,A1,Beginner
No,1st,English Language & Literature,4,A3,Intermediate
No,1st,English Language & Literature,1,"A2, A3",Beginner
No,1st,English Language & Literature,2,A2,Intermediate
No,1st,English Language & Literature,3,"A4, A6",Intermediate
No,1st,English Language & Literature,3,A3,Beginner
No,1st,English Language & Literature,4,"A2, A6",Intermediate
No,1st,English Language & Literature,2,A3,Beginner
No,1st,English Language & Literature,3,"A2, A5",Intermediate
No,1st,English Language & Literature,3,"A3, A4, A6",Beginner
No,4th,English Language & Literature,4,"A4, A6",Advanced
No,2nd,English Language & Literature,3,"A1, A4, A6",Intermediate
No,1st,English Language & Literature,4,"A1, A4",Intermediate
No,1st,English Language & Literature,2,"A4, A6",Beginner
No,1st,English Language & Literature,3,A3,Intermediate
No,3rd,English Language & Literature,4,"A1, A2, A3, A4, A5, A6",Intermediate
No,1st,English Language & Literature,4,A2,Intermediate
No,1st,English Language & Literature,2,A1,Beginner
No,1st,English Language & Literature,4,A5,Beginner
No,1st,English Language & Literature,4,"A1, A2",Intermediate
No,3rd,English Language & Literature,3,A4,Intermediate
No,1st,English Language & Literature,3,"A1, A3, A5",Intermediate
No,1st,English Language & Literature,3,"A4, A6",Intermediate
No,1st,English Language & Literature,5,A6,Beginner
No,4th,English Language & Literature,3,"A1, A2, A4, A6",Advanced
No,1st,English Language & Literature,4,"A1, A4, A6",Beginner
No,2nd,English Language & Literature,3,"A4, A6",Beginner
No,1st,English Language & Literature,3,"A4, A6",Beginner
No,1st,English Language & Literature,3,A6,Beginner
No,1st,English Language & Literature,3,"A2, A3, A5",Intermediate
No,1st,English Language & Literature,4,"A4, A5",Advanced
No,1st,English Language & Literature,2,A1,Intermediate
NO,1st,English Language & Literature,2,A1,Intermediate
NO,1st,English Language & Literature,3,"A2, A5, A6",Intermediate
YES,3rd,English Language & Literature,3,A3,Intermediate
NO,1st,English Education,3,A1,Intermediate
YES,2nd,English Language & Literature,3,A4,Beginner
YES,2nd,English Language & Literature,2,"A1, A4",Intermediate
YES,2nd,English Language & Literature,3,A6,Beginner
YES,2nd,English Language & Literature,3,"A4, A6",Beginner
YES,3rd,English Language & Literature,3,"A1, A4",Beginner
YES,2nd,English Language & Literature,4,A4,Beginner
YES,2nd,English Language & Literature,4,"A1, A3, A6",Beginner
YES,2nd,English Language & Literature,3,"A4, A6",Beginner
YES,3rd,English Language & Literature,4,"A1, A2",Intermediate
YES,2nd,English Language & Literature,4,"A1, A5",Advanced
YES,4th,English Language & Literature,4,"A2, A3",Advanced
YES,3rd,English Language & Literature,3,"A1, A2, A3, A4, A5, A6",Beginner
YES,4th,English Language & Literature,4,"A1, A4, A6",Beginner
YES,4th,English Language & Literature,4,A6,Beginner
YES,3rd,English Language & Literature,4,"A4, A5, A6",Intermediate
YES,2nd,English Language & Literature,4,A5,Advanced
YES,2nd,English Language & Literature,3,"A1, A6",Beginner
YES,2nd,English Language & Literature,3,A6,Beginner
YES,2nd,English Language & Literature,3,"A4, A6",Intermediate
YES,4th,English Language & Literature,4,"A2, A6",Advanced
YES,2nd,English Language & Literature,3,"A4, A6",Beginner
YES,2nd,English Language & Literature,4,"A3, A4, A6",Beginner
YES,2nd,English Language & Literature,3,"A4, A6",Beginner
YES,3rd,English Language & Literature,4,A2,Intermediate
YES,2nd,English Language & Literature,3,"A4, A6",Beginner
YES,2nd,English Language & Literature,2,"A1, A3, A4, A6",Beginner
YES,2nd,English Language & Literature,3,A3,Intermediate
YES,4th,English Language & Literature,5,"A5, A6",Intermediate
YES,Graduate,English Education,4,"A4, A6",Intermediate
YES,Graduate,English Education,5,"A1, A2, A4",Beginner
NO,Graduate,English Education,1,"A1, A3",Beginner
NO,Graduate,English Education,4,"A5, A6",Beginner
NO,2nd,English Education,4,A2,Advanced
YES,1st,English Education,4,"A4, A6",Intermediate
NO,3rd,English Education,5,"A2, A4, A6",Intermediate
NO,Graduate,English Education,4,A2,Advanced
NO,Graduate,English Education,4,"A1, A2, A4",Intermediate
NO,Graduate,English Education,4,A5,Advanced
NO,Graduate,English Education,5,A4,Intermediate
YES,1st,English Education,5,"A1, A2, A3, A4, A5, A6",Advanced
YES,3rd,English Education,4,A2,Advanced
NO,4th,English Language & Literature,4,"A1, A2, A3, A4, A5",Advanced
YES,Graduate,English Education,6,"A2, A6",Intermediate
NO,Graduate,English Education,4,"A4, A5, A6",Beginner
NO,Graduate,English Education,4,"A4, A5",Beginner
NO,Graduate,English Education,6,"A2, A5",Advanced
YES,Graduate,English Education,4,"A1, A4, A6",Intermediate
NO,1st,English Language & Literature,3,"A1, A2, A4",Beginner
YES,4th,English Language & Literature,3,A4,Beginner
NO,2nd,English Language & Literature,3,"A1, A4",Beginner
YES,1st,English Education,3,A6,Intermediate
NO,Graduate,English Education,6,"A1, A2, A4",Advanced
YES,1st,English Language & Literature,4,A6,Beginner
NO,Graduate,English Education,4,"A1, A2, A3, A4, A5, A6",Advanced
YES,2nd,English Language & Literature,3,"A1, A4, A6",Intermediate
NO,Graduate,English Education,4,"A3, A4, A6",Intermediate
NO,Graduate,English Education,5,"A2, A4, A6",Intermediate
YES,2nd,English Education,5,"A2, A6",Intermediate
YES,2nd,English Education,6,A2,Beginner
YES,2nd,English Education,2,A2,Intermediate
YES,2nd,English Education,4,A6,Intermediate
YES,2nd,English Education,5,A4,Beginner
YES,2nd,English Education,3,A2,Intermediate
YES,2nd,English Education,4,A3,Intermediate
YES,4th,English Education,5,A6,Intermediate
YES,2nd,English Education,5,A2,Intermediate
YES,2nd,English Education,5,"A2, A3",Intermediate
YES,2nd,English Education,5,A4,Intermediate
YES,2nd,English Education,5,A2,Intermediate
YES,2nd,English Education,5,A2,Intermediate
YES,2nd,English Education,4,A4,Advanced
YES,2nd,English Education,6,"A1, A2, A4, A5",Advanced
YES,2nd,English Education,5,A2,Intermediate
YES,2nd,English Education,5,"A5, A6",Intermediate
YES,2nd,English Education,2,A2,Intermediate
YES,2nd,English Education,4,"A4, A6",Intermediate
YES,2nd,English Education,5,"A2, A3, A4",Intermediate
YES,2nd,English Education,5,A6,Intermediate
YES,2nd,English Education,5,A6,Beginner
YES,2nd,English Education,5,"A4, A6",Intermediate
YES,2nd,English Education,5,A6,Intermediate
YES,2nd,English Education,5,A5,Advanced
YES,2nd,English Education,4,A6,Beginner
YES,2nd,English Education,5,"A2, A3, A5",Advanced
YES,2nd,English Education,5,"A4, A5, A6",Advanced
YES,2nd,English Education,4,A2,Intermediate
YES,2nd,English Education,5,A6,Beginner
YES,2nd,English Education,3,A2,Intermediate
No,Graduate,English Education,4,A6,Intermediate
No,Graduate,English Education,4,A2,Intermediate
No,Graduate,English Education,5,"A2, A3",Advanced
No,3rd,English Education,3,A5,Intermediate
No,1st,English Education,3,A1,Beginner
No,1st,English Education,5,A4,Advanced
No,1st,English Education,1,A3,Intermediate
No,1st,English Education,3,"A1, A2, A3, A4, A5, A6",Advanced
No,1st,English Education,1,"A1, A2, A3, A4, A5, A6",Beginner
No,1st,English Education,3,A2,Beginner
No,1st,English Education,2,A2,Intermediate
No,1st,English Education,4,A2,Beginner
No,1st,English Education,1,A4,Beginner
No,1st,English Education,4,A6,Beginner
No,1st,English Education,3,A4,Beginner
No,1st,English Education,2,A2,Intermediate
No,1st,English Education,1,"A2, A4, A5",Intermediate
No,1st,English Education,2,A2,Advanced
No,1st,English Education,1,A2,Beginner
No,1st,English Education,2,A6,Beginner
No,1st,English Education,1,A6,Beginner
No,1st,English Education,2,A6,Beginner
